Movie_Id,character_name,character_description,protagonist,voice_only,Actor_Id
37226,Kimia,generate vertical infomediaries,0,1,68720
14318,Miboo,engineer killer partnerships,1,1,51738
40353,Browsezoom,integrate innovative networks,0,0,52860
29852,Rhyloo,seize integrated methodologies,0,0,98798
43128,Voomm,synthesize open-source infrastructures,1,1,82269
37838,Innotype,facilitate bleeding-edge users,1,0,5926
35815,Voolia,innovate seamless bandwidth,1,0,48210
66318,Divape,integrate customized networks,0,0,53725
51273,Brightbean,engineer integrated initiatives,1,1,75784
65530,Flashdog,unleash proactive markets,1,1,90175
23695,Skivee,seize viral synergies,0,0,58729
78147,Skipstorm,recontextualize front-end communities,0,1,51185
17874,Leexo,mesh global interfaces,0,1,74303
73183,Feedfire,whiteboard e-business e-business,1,0,13739
87676,Quinu,morph cross-platform experiences,1,1,65281
15255,Oyoba,productize cross-media channels,0,0,67963
5519,Meetz,disintermediate plug-and-play relationships,1,0,54335
68492,Podcat,generate cross-media e-tailers,1,0,36959
31677,Realbuzz,envisioneer value-added supply-chains,0,0,79967
60581,Talane,enable ubiquitous e-markets,0,0,81123
5425,Voonte,extend rich convergence,0,0,573
64419,Zava,expedite customized initiatives,0,1,98041
33391,Gigashots,visualize front-end relationships,1,0,81502
88379,Thoughtstorm,engineer 24/365 models,1,0,49899
69664,Skimia,disintermediate ubiquitous paradigms,0,0,35646
48310,Dabtype,orchestrate 24/365 web-readiness,1,1,15445
15808,Jaxspan,e-enable killer schemas,1,0,31182
21247,DabZ,enable visionary models,0,0,9176
28012,Tazzy,syndicate revolutionary ROI,0,0,74967
92746,Babbleblab,synergize plug-and-play methodologies,0,1,83693
81113,Browsecat,transition extensible e-markets,1,1,78943
64490,Eimbee,morph open-source functionalities,1,0,45619
21612,Oodoo,productize sexy e-tailers,1,1,97550
96651,Thoughtstorm,target strategic convergence,0,1,62659
95720,Meetz,exploit 24/7 initiatives,0,0,52556
86418,Kimia,utilize collaborative e-services,1,1,90430
4842,Browsebug,mesh scalable e-tailers,1,0,70882
69780,Flipbug,innovate revolutionary interfaces,0,1,21592
33592,Jaxworks,empower impactful models,1,0,683
391,Voomm,reintermediate front-end web-readiness,0,0,98721
87475,Dazzlesphere,extend cross-platform users,0,0,59451
27902,Rhycero,visualize strategic e-tailers,1,0,66549
25471,Riffpedia,extend granular eyeballs,1,0,18068
7255,Blogspan,productize scalable methodologies,1,1,5696
76611,Layo,monetize viral supply-chains,0,1,32377
47271,Oyonder,iterate best-of-breed content,1,0,73589
4613,Eidel,deliver sticky ROI,1,1,28252
61986,Oyonder,benchmark next-generation niches,0,0,81996
49141,Skiba,enhance rich portals,0,0,55828
12569,Meevee,optimize mission-critical communities,1,0,36761
90591,Skinder,facilitate enterprise action-items,1,1,6387
83627,Oyonder,extend plug-and-play schemas,0,0,16489
41301,Tagopia,envisioneer intuitive markets,1,0,15426
32118,Ailane,exploit enterprise methodologies,0,0,55811
79011,Aibox,architect user-centric e-commerce,0,0,18919
1625,Twimbo,disintermediate holistic paradigms,0,0,54742
71451,Zoomzone,deploy strategic action-items,0,0,53182
25315,Flashspan,matrix best-of-breed infomediaries,1,0,14177
24391,Kwimbee,enable turn-key platforms,0,1,88807
56698,Voonix,unleash turn-key ROI,0,0,39611
39879,Linkbuzz,brand frictionless niches,1,1,13375
53990,Livetube,deliver extensible convergence,0,1,8764
96316,Shufflebeat,monetize next-generation methodologies,0,0,53843
85219,Yakitri,exploit end-to-end methodologies,1,1,37740
5623,Yakidoo,architect leading-edge supply-chains,0,0,17049
5625,Tanoodle,aggregate plug-and-play web-readiness,1,0,83432
45940,Gabcube,leverage sexy deliverables,1,0,87010
17641,Shufflebeat,deliver bricks-and-clicks content,0,1,94004
10308,Yakitri,maximize web-enabled ROI,1,1,59503
8949,Browsetype,deploy scalable e-commerce,0,1,45604
48587,Livetube,streamline wireless infrastructures,1,1,95603
94056,Livepath,expedite open-source schemas,1,1,17963
10442,Oyoyo,enable frictionless markets,1,1,17315
35495,Buzzshare,engineer magnetic vortals,1,0,23074
90274,Gigaclub,repurpose virtual systems,1,0,65381
64280,Avamm,deliver B2B e-services,0,0,36761
18863,Rhycero,empower next-generation eyeballs,0,0,11381
37108,Realpoint,synergize holistic mindshare,1,0,41525
43615,Ainyx,matrix one-to-one architectures,1,0,91171
70313,BlogXS,monetize dynamic users,0,0,74325
64777,Plambee,grow end-to-end convergence,0,1,40481
51203,Mudo,visualize ubiquitous web services,1,0,31708
73916,Skilith,expedite bricks-and-clicks convergence,1,1,1763
60112,Roodel,extend sticky supply-chains,0,1,31746
77258,Livepath,revolutionize best-of-breed initiatives,0,1,11439
10974,Linklinks,disintermediate customized bandwidth,1,1,38510
84007,Eare,reinvent clicks-and-mortar users,1,1,70081
34218,Dynabox,harness next-generation architectures,0,1,82058
20973,Mudo,empower global eyeballs,1,1,23871
14623,Edgewire,embrace robust paradigms,1,1,27192
86390,Fliptune,utilize frictionless synergies,1,0,95698
44103,Realbuzz,e-enable killer channels,1,0,83169
9286,Gabtune,engineer sexy action-items,1,0,51053
34836,Blogtags,repurpose global markets,1,0,82196
75613,Abata,redefine scalable functionalities,0,1,41091
63461,Feednation,strategize frictionless convergence,1,0,73944
3869,Tazzy,engineer real-time solutions,0,0,76713
2577,Jaxworks,engineer collaborative action-items,0,1,95496
59067,Buzzster,exploit integrated markets,0,1,76251
37367,Lazz,syndicate B2B partnerships,1,0,29628
11838,Tagchat,incentivize revolutionary architectures,0,1,26815
59917,Tagopia,strategize B2B niches,1,0,54226
75158,Eare,grow synergistic methodologies,1,0,93306
61488,Yamia,whiteboard transparent systems,1,0,9304
86713,Realfire,incentivize user-centric experiences,1,0,43354
30778,Pixope,redefine vertical e-services,0,1,85536
21270,Buzzster,streamline impactful action-items,0,1,12701
86699,Jayo,repurpose viral markets,1,1,87284
53471,Tagpad,embrace real-time markets,1,1,46376
5438,Babbleopia,whiteboard 24/7 niches,1,1,14344
64294,Shuffledrive,orchestrate sexy e-markets,0,0,4824
83176,Livepath,repurpose enterprise functionalities,1,1,49412
65295,Dynabox,strategize open-source bandwidth,1,1,59660
35424,Katz,mesh strategic mindshare,1,0,39740
20960,Dabjam,aggregate efficient solutions,1,1,69271
42076,Dabvine,synergize web-enabled communities,0,1,55089
36919,Fanoodle,morph B2C communities,0,1,29275
14805,Mymm,enhance leading-edge convergence,1,0,22056
35535,Photobean,whiteboard cross-platform infrastructures,1,0,23550
65504,Rhyloo,morph killer web services,1,1,16809
70697,Cogidoo,scale impactful experiences,1,1,4783
56064,Edgeblab,benchmark killer channels,0,1,28538
7399,Eadel,enable 24/7 vortals,0,1,54036
80390,Feedspan,visualize turn-key applications,1,1,37054
21927,Eimbee,leverage strategic e-tailers,1,1,11404
14306,Oodoo,generate innovative e-business,1,0,69615
50024,Jabberbean,deploy viral action-items,1,0,95291
94565,Abatz,reinvent mission-critical e-tailers,1,1,78337
62067,Jayo,embrace ubiquitous users,0,1,84392
15173,Oodoo,seize collaborative schemas,1,0,42073
35180,Photojam,streamline virtual e-markets,1,0,45801
96846,Brainverse,revolutionize clicks-and-mortar schemas,0,1,19437
43469,Photobug,integrate scalable supply-chains,0,0,30232
26518,Avamm,streamline bleeding-edge vortals,0,0,96545
72597,Avamba,optimize virtual interfaces,1,1,53427
85765,Agimba,extend distributed experiences,0,1,34918
63414,Eamia,strategize transparent communities,0,1,87141
2187,Rhynoodle,implement dynamic portals,0,1,94632
33040,Flashpoint,embrace dynamic methodologies,0,0,75666
38570,Vidoo,leverage sexy supply-chains,0,0,37168
43403,Skivee,optimize compelling niches,1,1,72413
36392,LiveZ,deliver out-of-the-box niches,1,1,72211
49759,Cogibox,architect rich paradigms,1,0,1386
87258,Skilith,synthesize web-enabled mindshare,1,0,57938
68334,Mudo,enable integrated interfaces,0,0,61301
37949,Demizz,orchestrate impactful relationships,0,1,37686
75862,Gabtype,brand wireless e-business,1,1,12906
6482,Tagopia,deploy plug-and-play channels,1,0,90304
80182,Brainsphere,evolve best-of-breed e-business,0,1,67410
37109,Tavu,incentivize cross-media experiences,0,1,59327
32586,Vipe,matrix compelling web services,0,0,16128
47574,Ntags,architect out-of-the-box ROI,1,1,35055
8270,Blogspan,streamline vertical technologies,1,1,36126
54095,Twiyo,aggregate integrated e-business,0,1,54595
59538,Cogilith,reintermediate e-business web services,0,1,64999
52499,Oyope,aggregate innovative convergence,0,0,34524
51618,Realpoint,reintermediate vertical mindshare,0,1,45970
4248,Skipfire,empower wireless e-commerce,0,0,28560
36187,Kare,evolve next-generation e-commerce,0,0,48092
10367,Flashspan,engage extensible solutions,1,1,82243
95983,Divape,deliver user-centric mindshare,1,1,29458
6634,Devshare,exploit 24/7 bandwidth,1,0,83780
40318,Snaptags,seize bleeding-edge convergence,1,1,65000
26428,Skiptube,optimize intuitive methodologies,1,0,49811
90087,Blogpad,generate synergistic niches,0,1,28249
68004,Voonix,deploy bleeding-edge vortals,0,0,88516
70897,Wikizz,architect back-end models,0,0,90969
56797,Divanoodle,maximize 24/7 interfaces,0,1,71412
70932,Mybuzz,brand efficient eyeballs,0,0,33888
70752,Abatz,orchestrate revolutionary architectures,0,0,95106
5404,Mymm,deploy mission-critical bandwidth,0,1,45559
22441,Gevee,productize killer experiences,1,1,35660
28386,Mydo,embrace ubiquitous supply-chains,1,1,90540
71879,Aivee,matrix front-end technologies,1,1,35775
40644,Realblab,cultivate next-generation e-business,0,0,34065
5698,Podcat,deliver sticky synergies,0,0,72998
21848,Zoonoodle,transition bricks-and-clicks models,1,1,71101
82873,Quimm,envisioneer granular content,1,1,31481
5370,Layo,envisioneer one-to-one web services,1,0,47875
77393,Meetz,monetize sexy portals,1,0,79647
72984,Gigazoom,redefine back-end infomediaries,0,0,33317
50378,Zoonder,strategize customized platforms,0,0,83846
51735,Topiclounge,architect interactive applications,0,0,91013
76259,Centidel,incubate next-generation architectures,0,0,37304
9929,Quinu,synergize killer models,1,0,50908
56582,Jaxspan,maximize innovative vortals,0,0,55699
24725,Twimbo,transition granular systems,1,0,72775
56858,Skiba,strategize seamless schemas,0,0,36879
17298,Minyx,drive vertical networks,0,0,97332
63625,Pixoboo,evolve one-to-one relationships,1,1,50438
87169,Abatz,expedite viral infrastructures,1,1,66938
61051,Ooba,evolve synergistic convergence,0,0,70985
63602,Jabbersphere,reintermediate strategic methodologies,1,1,41905
44370,Jaxworks,incentivize collaborative vortals,0,1,17209
88471,Divanoodle,transform value-added solutions,0,0,19018
27897,Divanoodle,architect B2C architectures,1,0,96036
57734,Podcat,syndicate cross-platform e-commerce,1,1,15662
46189,Skyble,enable synergistic networks,0,0,45973
1365,Trunyx,empower cutting-edge solutions,0,0,47387
44918,Dabtype,deploy frictionless e-business,1,0,75025
66905,Yodel,maximize cutting-edge eyeballs,0,0,71469
56846,Linklinks,architect innovative schemas,0,1,29304
13808,Voolia,recontextualize one-to-one mindshare,0,0,59278
85945,Miboo,productize extensible initiatives,0,1,30930
27088,Twitternation,evolve enterprise paradigms,1,1,1762
23920,Roomm,enable mission-critical infomediaries,0,1,81012
25306,Jabbersphere,envisioneer seamless communities,1,0,10528
92277,Browseblab,target e-business e-commerce,0,0,89695
8109,Muxo,scale B2C e-business,0,1,38189
96835,Thoughtstorm,grow user-centric communities,1,1,4291
39203,Pixoboo,engineer global partnerships,1,1,86753
72005,Youfeed,mesh best-of-breed applications,0,1,15424
60540,Skyble,reinvent end-to-end infomediaries,0,0,95765
9267,Buzzbean,harness wireless technologies,0,1,85851
85378,Voomm,matrix bricks-and-clicks networks,0,0,86497
23732,Youfeed,facilitate extensible mindshare,0,1,57656
3973,Oozz,engage world-class communities,0,1,57809
47662,Brightdog,streamline end-to-end e-tailers,1,1,4990
63412,Skiba,deploy granular vortals,1,0,73289
19636,Muxo,enable customized action-items,0,1,14870
46274,Talane,implement rich e-services,0,1,90863
88287,Izio,embrace rich e-markets,1,1,21639
10285,Leenti,aggregate killer convergence,1,1,36270
90227,Babbleset,reintermediate dot-com channels,1,0,95435
15793,Voonix,disintermediate leading-edge interfaces,1,0,17833
81341,Brainverse,syndicate leading-edge e-commerce,0,1,34513
54294,Mudo,grow plug-and-play models,1,1,35495
29754,Wordpedia,strategize visionary portals,0,0,50066
11006,Abatz,empower integrated initiatives,0,1,74848
17885,Kayveo,generate vertical methodologies,1,0,74478
65154,Skyndu,optimize rich systems,1,0,55006
20731,Zoomlounge,synergize next-generation initiatives,1,1,24692
33627,Tekfly,expedite back-end metrics,1,1,90773
86050,Aibox,embrace collaborative systems,0,0,6552
72800,Gabtune,incentivize robust web-readiness,1,0,92101
88037,Avaveo,unleash rich architectures,1,1,48825
95440,Mybuzz,leverage best-of-breed action-items,1,0,13581
47103,Demizz,enhance innovative initiatives,0,0,17468
65817,Flashdog,productize real-time systems,1,0,13275
23672,Camido,synergize global relationships,1,1,6848
22813,Livepath,drive extensible vortals,0,0,71250
50500,Feedfire,transition cross-media convergence,0,0,85926
90523,Dynabox,deploy next-generation partnerships,1,1,84703
11113,Thoughtbeat,scale transparent content,0,1,72913
6355,Brainlounge,orchestrate real-time users,0,1,17929
31134,Devpoint,matrix innovative functionalities,1,1,82621
71452,Tanoodle,engage extensible e-markets,1,1,23816
20876,Brainverse,brand end-to-end communities,1,1,32168
91298,Einti,unleash end-to-end web-readiness,1,1,96852
15797,Twimm,architect B2C supply-chains,0,1,49117
70264,Quire,integrate synergistic initiatives,0,1,51951
56549,Divanoodle,grow leading-edge deliverables,1,1,72476
89689,Topicblab,enable B2C relationships,0,1,71658
59608,Edgeblab,orchestrate end-to-end action-items,0,1,91258
44241,Fadeo,monetize transparent supply-chains,0,0,48337
54699,Realblab,synergize transparent users,0,0,96906
52093,Mynte,extend viral systems,0,1,61939
22030,Einti,engage front-end mindshare,0,1,60959
83765,Janyx,transition collaborative deliverables,1,1,73627
88663,Trilith,deliver 24/365 infrastructures,0,0,6077
63124,Gabcube,engage dynamic communities,1,0,18807
22482,Tazzy,envisioneer rich models,1,0,59977
20230,Twitterworks,brand web-enabled bandwidth,1,0,8542
88011,Tagtune,innovate bricks-and-clicks supply-chains,0,1,17227
95573,Chatterpoint,maximize revolutionary deliverables,0,1,41758
23088,Innotype,morph transparent communities,0,1,47843
87085,Oozz,reinvent clicks-and-mortar relationships,0,0,60078
28406,Photojam,engineer integrated deliverables,0,1,46045
11817,Thoughtworks,productize end-to-end mindshare,1,0,18537
12236,Dynabox,orchestrate transparent e-tailers,0,0,35874
17124,Topiclounge,strategize leading-edge web-readiness,0,1,75047
64548,Realbridge,matrix proactive metrics,0,0,14895
40033,Realcube,synergize bleeding-edge infrastructures,1,1,2903
93831,Photobug,embrace revolutionary platforms,1,1,31864
8089,Trudoo,optimize wireless e-tailers,1,0,63852
40541,Eayo,revolutionize world-class eyeballs,1,1,53001
1277,Skivee,maximize mission-critical synergies,1,1,33111
75197,Twimm,grow user-centric web-readiness,1,1,68221
48473,Linktype,repurpose value-added e-commerce,1,1,12411
54828,Photojam,iterate compelling e-markets,0,1,61996
62371,Skipstorm,reinvent synergistic methodologies,0,0,20958
5467,Topicblab,expedite viral e-business,1,0,39963
23071,Gigashots,incentivize frictionless e-tailers,1,1,33245
29676,Innojam,empower turn-key models,0,1,34870
51617,Centimia,grow robust networks,1,0,65721
29227,Dynazzy,reinvent killer supply-chains,0,0,27390
79489,Brightbean,transition viral mindshare,0,0,31558
51858,Yadel,incubate enterprise markets,0,0,23096
42670,Viva,morph B2B applications,1,1,16461
58100,Leenti,orchestrate visionary architectures,0,1,16943
94800,Minyx,envisioneer bricks-and-clicks mindshare,0,1,16963
87173,Linkbuzz,enable bleeding-edge bandwidth,1,0,14964
91407,Nlounge,embrace cutting-edge action-items,0,0,48446
14666,Centimia,streamline transparent supply-chains,0,1,7334
297,Yakitri,brand one-to-one systems,0,0,60146
79906,Aimbu,strategize magnetic bandwidth,0,1,24636
50346,Livetube,architect strategic infrastructures,0,0,72627
19176,Demizz,aggregate B2B niches,0,0,72319
46292,Einti,deliver turn-key experiences,0,1,96144
48848,Fivespan,productize seamless e-markets,0,1,6475
88716,Thoughtstorm,strategize distributed channels,1,0,52157
18690,Twitterworks,maximize compelling schemas,1,0,36096
19058,Wordify,morph turn-key communities,0,1,15019
35015,Flipstorm,innovate cutting-edge web-readiness,1,1,70755
61174,Skyba,harness seamless infrastructures,1,0,21032
3448,Twitterlist,benchmark global schemas,1,1,47204
51151,Voonte,transform intuitive platforms,0,0,8978
44646,Thoughtstorm,enable rich experiences,0,1,97344
17856,Centidel,implement cross-platform communities,1,0,17365
63200,Rhyloo,productize robust markets,1,1,89193
8493,Browsebug,architect viral vortals,0,0,71861
84212,Fanoodle,engage holistic niches,0,1,34902
42523,Flashset,orchestrate one-to-one e-services,0,1,10474
48897,Gabspot,drive intuitive e-services,1,0,11542
78847,Skippad,disintermediate extensible users,1,0,83570
66906,Jayo,productize cross-media initiatives,1,0,98424
5509,Youspan,drive mission-critical synergies,1,0,76475
26668,Kwimbee,empower integrated experiences,0,0,85432
64221,LiveZ,reintermediate user-centric schemas,0,1,4595
58235,Fliptune,utilize granular channels,0,1,36
59401,Pixoboo,scale dot-com applications,1,1,69585
26226,Avaveo,transition 24/365 bandwidth,1,0,48559
34433,Gigaclub,evolve seamless vortals,0,1,42049
27291,Vidoo,engage out-of-the-box architectures,1,0,63385
26753,Thoughtblab,revolutionize mission-critical networks,1,1,89299
37644,Jetwire,seize dynamic channels,1,1,54183
8768,Wikibox,orchestrate transparent action-items,1,0,14604
68974,Yotz,grow global infrastructures,0,0,576
57093,Talane,leverage best-of-breed ROI,0,1,94624
4050,Bubblebox,embrace granular initiatives,0,1,9745
1069,Eazzy,harness viral networks,0,1,39066
4362,Linkbuzz,expedite rich relationships,0,0,36142
31936,Linkbridge,empower seamless partnerships,1,0,59743
59669,Bubblemix,deploy open-source relationships,0,0,14172
89794,JumpXS,syndicate 24/7 bandwidth,0,0,61887
65439,Avamba,deploy mission-critical functionalities,0,1,88817
78984,Mynte,e-enable leading-edge content,1,1,30550
26368,Bluejam,seize collaborative schemas,1,1,9748
90038,Voonyx,engage scalable supply-chains,0,1,58329
10100,Linklinks,unleash impactful supply-chains,0,1,6208
54828,Janyx,recontextualize back-end bandwidth,1,1,81452
79955,Centizu,benchmark bleeding-edge vortals,1,1,32681
46639,Gigashots,facilitate intuitive networks,1,1,24623
88576,Roombo,facilitate world-class experiences,0,0,37233
89564,BlogXS,leverage sticky e-tailers,1,0,92424
51921,Yakitri,orchestrate next-generation metrics,0,0,66480
46166,Youtags,streamline seamless supply-chains,0,0,40001
94686,Jaxspan,whiteboard sticky infomediaries,0,1,48537
50944,Tazzy,target out-of-the-box e-markets,0,0,11678
94763,Trilith,utilize holistic ROI,1,1,39776
76065,Realpoint,deploy front-end deliverables,0,0,36840
90282,Tagtune,integrate integrated architectures,0,0,1929
43225,Jaxworks,transform integrated action-items,1,1,97164
38365,Layo,orchestrate e-business convergence,1,1,91543
2909,Realfire,productize impactful initiatives,0,1,75721
43222,Skipstorm,empower collaborative deliverables,0,1,5807
58530,Zoomdog,transition dot-com e-business,1,0,79391
79356,Kare,matrix ubiquitous architectures,1,0,95238
32600,Flipopia,enhance back-end web services,0,0,37709
43589,Gevee,redefine mission-critical initiatives,1,1,56038
61551,Gabcube,evolve scalable solutions,0,0,5447
43643,Yotz,exploit impactful supply-chains,0,0,73995
20979,InnoZ,mesh customized content,1,0,21588
27984,Kwideo,exploit plug-and-play portals,0,1,23778
18803,Babbleopia,maximize innovative initiatives,1,1,72503
35153,Twitterwire,streamline mission-critical portals,1,0,35541
36322,Divavu,empower ubiquitous content,1,1,6577
63948,Skyba,cultivate scalable e-services,0,0,61507
46080,LiveZ,benchmark 24/365 web-readiness,0,1,10490
42068,Innotype,facilitate strategic applications,0,0,30355
10894,Realpoint,e-enable transparent channels,0,1,56654
19039,Avamba,drive ubiquitous e-commerce,0,1,82788
18633,Muxo,brand cross-platform partnerships,0,0,6023
90684,Youtags,streamline back-end partnerships,0,0,37874
26360,Topiczoom,facilitate turn-key technologies,1,1,31154
66212,Yodel,productize granular e-tailers,1,1,76449
4346,Feedspan,scale synergistic interfaces,1,1,5345
50528,Dabvine,extend global experiences,0,0,92062
21502,Abatz,generate 24/7 users,0,0,23737
53686,Kwimbee,utilize back-end convergence,0,0,5974
36350,Quimba,mesh out-of-the-box technologies,0,1,56990
50420,Twiyo,benchmark interactive deliverables,0,0,60040
7848,Photolist,whiteboard 24/365 paradigms,1,0,2528
14252,Wordware,mesh revolutionary solutions,0,1,28126
57562,Mudo,exploit clicks-and-mortar technologies,0,0,1873
86985,Zoozzy,architect sticky e-markets,1,0,7029
10739,Katz,engineer cutting-edge niches,1,0,21791
50392,Twinder,whiteboard integrated methodologies,0,1,63987
35741,Jabberbean,disintermediate plug-and-play solutions,1,0,68891
90715,Agivu,reinvent magnetic web-readiness,1,1,42419
15948,Rhybox,expedite cutting-edge e-services,1,1,6079
5368,Photofeed,harness wireless networks,0,1,93342
67703,Browsezoom,visualize extensible infrastructures,1,0,542
79524,Bubbletube,integrate end-to-end interfaces,0,1,79908
24435,Yambee,enable 24/7 channels,1,0,59422
81431,Browsedrive,repurpose customized schemas,0,1,60305
26659,Thoughtbridge,engineer web-enabled metrics,0,1,85721
95051,Quire,engineer next-generation infomediaries,0,1,77181
71637,Quatz,seize killer systems,1,1,46608
94769,Plajo,evolve global markets,0,0,8163
6481,Chatterbridge,morph intuitive solutions,0,0,88659
44442,Yoveo,harness B2C models,0,1,27934
48343,Youspan,deliver efficient architectures,1,0,26767
37730,Realfire,envisioneer efficient portals,1,1,77744
21951,Zoomzone,deliver real-time solutions,0,0,79311
55389,Skiptube,incentivize vertical systems,0,0,58322
29613,Devpulse,engage cross-media bandwidth,0,0,70577
14988,Gabtune,enable B2C vortals,1,1,189
57015,Dynabox,transition web-enabled communities,0,0,32680
33749,Meevee,engineer strategic interfaces,1,0,53698
7339,Trudeo,unleash virtual synergies,0,1,89844
8950,Babbleopia,leverage intuitive metrics,0,1,57383
26261,Yozio,deploy collaborative mindshare,1,0,38079
15237,Gabtype,optimize end-to-end web services,0,1,45438
66898,Kwinu,incentivize ubiquitous convergence,1,0,68820
69511,Ooba,unleash leading-edge vortals,1,0,64768
96983,Cogilith,monetize vertical convergence,0,0,89006
56672,Rhycero,deploy open-source supply-chains,1,1,53189
53678,Youfeed,innovate scalable platforms,1,0,41386
49087,Photobean,architect real-time eyeballs,0,1,83041
83501,Zazio,orchestrate open-source infrastructures,0,1,46763
51548,Yakijo,whiteboard rich e-tailers,1,0,7740
84094,Podcat,unleash magnetic initiatives,0,0,8139
32635,Flipstorm,envisioneer out-of-the-box functionalities,1,0,78112
68256,Digitube,strategize intuitive vortals,1,0,89725
9888,Demizz,architect leading-edge platforms,1,1,72127
61070,Youbridge,leverage 24/7 experiences,0,0,72963
2431,Youbridge,repurpose revolutionary ROI,1,0,92118
64109,Topiclounge,extend extensible systems,1,0,83780
89534,Eayo,leverage end-to-end e-commerce,0,0,78317
85527,Cogidoo,optimize front-end e-markets,0,1,12440
74295,Buzzbean,cultivate cross-platform users,0,1,63451
96420,Blogtags,transform e-business functionalities,1,1,84690
77515,Centizu,revolutionize 24/365 e-services,0,1,37422
96332,Flipopia,aggregate revolutionary models,1,0,51537
58857,Voomm,matrix 24/7 eyeballs,1,0,41404
78958,Realpoint,redefine next-generation web-readiness,0,0,30441
3837,Reallinks,benchmark dot-com metrics,1,1,21878
44782,Yombu,generate killer markets,1,1,43263
73414,Photolist,implement best-of-breed e-tailers,1,1,64331
46590,Eazzy,architect compelling experiences,1,1,31081
83733,Brainverse,mesh wireless e-tailers,0,0,47837
39739,Oyoba,aggregate best-of-breed solutions,1,0,79808
89607,Bluejam,morph viral users,1,0,41025
73298,Katz,visualize enterprise infrastructures,0,1,92270
81524,Meedoo,engineer killer e-tailers,0,1,9309
81843,Eimbee,streamline B2C action-items,1,0,45880
36842,Zoombox,revolutionize cutting-edge infomediaries,0,0,78717
18988,Yodoo,utilize 24/7 markets,1,1,36805
54761,Mydeo,architect distributed metrics,0,1,93091
68228,Feedmix,enable viral solutions,1,0,44929
76104,Wikido,transform rich deliverables,0,1,38860
31505,Voonder,brand virtual niches,0,1,5356
45823,Zoovu,mesh world-class paradigms,0,1,2969
58345,Meejo,drive customized users,0,1,55298
20500,Mynte,benchmark holistic action-items,0,0,81005
94851,Jaxbean,architect cross-platform deliverables,1,1,61387
32860,Wordpedia,redefine B2B experiences,1,0,4583
75518,Gabvine,incubate real-time applications,1,1,69310
92425,Quimm,visualize dot-com supply-chains,1,1,10654
31072,Devcast,harness web-enabled paradigms,1,1,42628
58004,Skyble,engage magnetic communities,1,0,13853
5449,Aivee,facilitate B2C methodologies,1,0,29983
37356,Agimba,e-enable web-enabled deliverables,0,0,14035
27212,Riffpedia,matrix virtual metrics,1,1,75498
71704,Mydo,embrace visionary applications,0,1,45180
23220,Flipbug,syndicate 24/365 networks,0,0,73162
82664,Oba,revolutionize out-of-the-box metrics,1,0,8519
64944,Jabberbean,architect bricks-and-clicks web services,0,1,39229
90610,Fadeo,mesh collaborative infrastructures,0,1,73348
51534,Thoughtbeat,deliver turn-key paradigms,0,0,9695
76433,Skiptube,drive impactful architectures,1,1,35794
33993,Vimbo,envisioneer plug-and-play supply-chains,0,1,54000
41318,Lazz,orchestrate bricks-and-clicks niches,1,0,90000
3755,Jazzy,deliver dot-com e-services,1,0,48300
49552,JumpXS,reinvent strategic portals,0,0,21959
96103,Pixoboo,envisioneer cross-media e-services,0,1,40394
17439,Rhycero,facilitate one-to-one web services,0,1,59641
16978,Oyoloo,brand cross-media portals,1,0,88483
37091,Skilith,seize cross-platform e-services,0,1,25742
84393,Flashset,brand cutting-edge markets,1,0,14065
25886,Ainyx,exploit bleeding-edge infomediaries,0,0,79635
88813,Jabberstorm,transform leading-edge ROI,1,1,41106
72191,Linkbuzz,generate best-of-breed vortals,1,1,59541
90981,Bluezoom,transform open-source metrics,0,0,41364
48475,Centidel,utilize extensible markets,1,0,77239
71482,Zoovu,incentivize synergistic deliverables,0,1,50566
60136,Meedoo,implement synergistic portals,0,1,87831
92539,Browsezoom,deliver dot-com portals,0,0,27110
31038,Jabbertype,empower enterprise architectures,1,1,55813
61404,Dabshots,architect real-time channels,0,0,92639
93316,Fanoodle,recontextualize holistic portals,1,1,59923
12269,Myworks,redefine B2C content,1,0,67781
89869,Zava,whiteboard front-end action-items,1,0,40649
22488,Oloo,strategize mission-critical partnerships,1,1,10712
25830,Aibox,matrix plug-and-play bandwidth,0,0,20861
3345,Youopia,reinvent virtual e-services,1,0,91502
62036,Innotype,maximize integrated e-markets,0,0,50916
44787,Mita,enable value-added web-readiness,0,0,86298
68137,Gabtype,whiteboard distributed web-readiness,1,0,81434
64098,Shuffledrive,transform extensible applications,0,1,48858
11321,Kwinu,deliver revolutionary technologies,1,0,55928
55561,Quinu,engage killer paradigms,0,1,72065
21067,Eayo,monetize 24/7 infomediaries,0,1,50146
59268,Thoughtstorm,unleash clicks-and-mortar experiences,0,0,82872
7669,Tagopia,target interactive web services,0,1,26253
7790,Npath,visualize sexy web-readiness,0,1,79561
15870,Wikizz,e-enable e-business ROI,1,0,69591
34720,Oloo,morph sexy methodologies,1,0,62814
16035,Buzzbean,synthesize web-enabled interfaces,1,1,44547
64767,Feedfire,productize revolutionary content,0,1,69230
93704,Snaptags,drive 24/365 systems,0,0,86569
40444,Zazio,scale viral bandwidth,1,1,92272
28323,Rhycero,orchestrate innovative experiences,1,0,41312
67316,Realmix,transition 24/7 schemas,0,0,7143
19339,Eazzy,implement clicks-and-mortar content,0,1,31321
87951,Twiyo,drive out-of-the-box relationships,0,0,88199
57649,Trupe,expedite B2B initiatives,0,1,48488
31001,Omba,repurpose vertical mindshare,1,0,82650
49230,Oyoba,incubate wireless ROI,1,1,79734
59081,Zooxo,engineer e-business supply-chains,0,1,40347
13867,Yombu,facilitate collaborative schemas,0,1,80637
59104,Thoughtbeat,transition front-end partnerships,1,0,88868
80448,Rooxo,leverage seamless e-business,1,0,8392
88846,Gigaclub,brand distributed models,0,0,18497
43977,Skibox,transition granular content,1,0,21682
23424,Skyba,cultivate virtual infomediaries,0,0,20704
67651,Bubbletube,enable intuitive communities,0,1,55584
47367,Photobug,generate revolutionary mindshare,0,0,47823
34594,Wikizz,monetize proactive deliverables,0,0,67078
60590,Quinu,envisioneer rich functionalities,1,1,15862
26591,Fiveclub,synergize one-to-one vortals,1,1,2588
12599,Skinte,scale B2B supply-chains,1,1,81394
67368,Skidoo,seize integrated architectures,1,1,3832
26787,Vidoo,reintermediate back-end mindshare,0,0,2464
27512,Quire,enhance revolutionary e-markets,1,1,62212
42790,Babbleopia,grow best-of-breed e-business,1,1,13844
7309,Devcast,benchmark plug-and-play functionalities,1,1,47542
4465,Youspan,engineer turn-key partnerships,1,1,7282
94536,Fatz,brand sticky e-markets,1,0,29831
7368,Teklist,synergize B2B portals,1,0,80685
9740,Oodoo,transition vertical deliverables,0,0,72711
89425,Yodoo,disintermediate customized experiences,1,0,72074
72962,Mynte,engage proactive web-readiness,0,1,68571
55650,Zoomlounge,syndicate killer e-services,0,1,28756
76165,Thoughtbeat,deploy B2B niches,1,1,39207
26366,Babbleblab,facilitate end-to-end markets,0,0,15543
28723,Trilia,revolutionize frictionless schemas,0,0,66000
37429,Linklinks,whiteboard proactive models,1,0,90979
85394,Gabcube,syndicate real-time metrics,0,1,39711
94571,Thoughtstorm,revolutionize e-business convergence,1,1,23073
58189,Eazzy,aggregate value-added methodologies,0,0,17083
26019,Riffpath,cultivate viral models,1,0,29604
13071,Realbridge,extend clicks-and-mortar synergies,1,0,85331
20641,Youspan,iterate magnetic systems,0,0,90913
42262,Youfeed,orchestrate frictionless interfaces,1,0,67846
92431,Edgetag,drive killer deliverables,1,0,65308
54599,Voomm,engineer user-centric interfaces,0,0,5683
57112,Brainverse,grow distributed technologies,0,1,2356
49143,Buzzbean,reintermediate wireless e-markets,0,1,77258
44265,Bluejam,synergize web-enabled users,1,0,77152
86706,Realmix,aggregate next-generation metrics,1,1,26228
13915,Kazu,generate compelling vortals,0,1,51298
81503,Thoughtsphere,expedite enterprise technologies,1,1,72890
80080,Kazio,productize sticky technologies,0,0,6792
39317,Feedfish,recontextualize extensible infomediaries,0,1,43433
89502,Yakitri,strategize cutting-edge vortals,0,1,13592
35853,Teklist,evolve e-business schemas,1,1,41667
43501,Wikido,disintermediate value-added platforms,1,0,15611
11049,Gevee,utilize virtual schemas,0,1,94839
70203,Browsezoom,strategize clicks-and-mortar architectures,0,1,3643
74264,Kwinu,repurpose killer initiatives,0,0,22103
6925,Yakidoo,morph B2C platforms,1,1,43002
6391,Browsezoom,leverage wireless networks,0,1,91634
95195,Wordify,scale best-of-breed e-commerce,0,1,13882
92520,Yakidoo,matrix back-end networks,1,0,41649
3766,Jabbersphere,enhance sexy supply-chains,1,0,54699
16606,Rhyloo,incubate global e-tailers,1,0,81848
32229,Npath,evolve innovative eyeballs,1,0,15535
21363,Zoombeat,envisioneer mission-critical action-items,1,1,77783
75744,Twitterbeat,aggregate impactful mindshare,0,1,66113
23045,Quatz,matrix front-end methodologies,1,0,5270
38881,Edgewire,recontextualize cross-platform e-tailers,0,0,15582
94143,Skinte,target open-source e-commerce,0,1,51550
85613,Zoomcast,integrate scalable web services,1,1,97579
6616,Thoughtbeat,unleash revolutionary initiatives,1,1,28966
87747,Skimia,morph dynamic architectures,0,0,17759
73718,Riffpedia,revolutionize transparent networks,0,0,93287
84162,DabZ,incubate dot-com supply-chains,0,1,26709
64134,Youbridge,innovate frictionless e-services,0,0,56008
61967,Tagcat,matrix e-business action-items,1,1,23184
93428,Zoomzone,deliver out-of-the-box platforms,1,1,60966
77464,Jazzy,matrix enterprise e-commerce,0,1,33306
46555,Dabfeed,disintermediate compelling action-items,1,0,38461
9330,Edgeify,visualize scalable e-tailers,1,1,18238
46994,Blognation,e-enable customized deliverables,1,1,63904
31694,Flipstorm,redefine leading-edge functionalities,0,0,96258
67308,Tanoodle,mesh global supply-chains,1,0,6841
9995,Linkbuzz,cultivate synergistic e-tailers,1,0,90714
65239,Flashspan,empower clicks-and-mortar vortals,1,0,63265
58801,Agivu,enable revolutionary e-markets,1,1,52252
20418,Voonyx,e-enable best-of-breed convergence,0,1,93525
60550,Meejo,repurpose extensible content,0,0,45923
77366,Vitz,unleash cross-platform infomediaries,1,0,43412
5747,Zoovu,disintermediate magnetic experiences,1,0,83696
4281,Twitternation,recontextualize B2C systems,1,1,30521
21101,Brainlounge,target visionary e-tailers,0,1,57466
44560,Topdrive,facilitate ubiquitous models,1,1,9269
64145,Quinu,grow best-of-breed initiatives,0,1,87545
85946,Skaboo,expedite holistic vortals,1,1,660
70749,Tavu,streamline bricks-and-clicks e-commerce,0,0,90760
5666,Zoombeat,mesh best-of-breed functionalities,0,0,3459
14576,Kwinu,seize global communities,0,0,82307
30331,Devpoint,strategize compelling users,1,1,26863
40547,Tazz,envisioneer proactive e-business,1,0,96418
95871,Dabshots,benchmark distributed paradigms,0,1,78773
30562,Kazu,implement innovative niches,1,1,24597
47459,Jazzy,harness proactive architectures,1,1,2213
18476,Vidoo,envisioneer vertical deliverables,0,0,69927
1368,Voonix,envisioneer transparent initiatives,0,0,77661
22768,Skinte,reinvent viral web services,1,0,83683
74694,Blognation,enhance robust communities,0,1,72287
25357,JumpXS,syndicate ubiquitous platforms,0,0,34932
30757,Devshare,e-enable e-business content,0,0,91226
91540,Voonix,integrate user-centric supply-chains,0,0,91978
94105,Kimia,implement strategic web-readiness,1,1,97520
84319,Jabbersphere,innovate leading-edge eyeballs,1,1,40349
34855,Oyoyo,strategize dynamic infomediaries,1,1,71361
124,Muxo,mesh impactful eyeballs,1,0,82705
96296,Flashset,productize revolutionary e-markets,0,0,71961
59980,Feedfish,optimize next-generation bandwidth,0,0,58213
38973,Yodoo,incubate dynamic e-tailers,1,1,66253
4596,Topiczoom,unleash virtual mindshare,1,0,51011
76177,Topiczoom,strategize killer experiences,1,1,8345
8867,Photojam,engineer impactful e-commerce,1,1,84156
65403,Zoomdog,drive dynamic infomediaries,0,0,88293
85279,Katz,iterate visionary infrastructures,0,0,25657
33289,Shuffledrive,enhance efficient e-services,1,1,49670
78056,Dynabox,facilitate innovative ROI,0,1,30033
96369,Dablist,engineer visionary interfaces,0,1,32516
51687,Skyvu,revolutionize out-of-the-box portals,1,1,12431
78527,Topicware,drive best-of-breed synergies,1,0,14521
77764,Trudeo,morph front-end channels,1,1,72766
64532,Brainlounge,aggregate web-enabled action-items,0,1,18803
49493,Zoonder,whiteboard 24/365 metrics,0,1,59955
90667,Wordify,optimize global mindshare,0,1,62580
19369,Rhyloo,aggregate sticky content,0,0,27934
54260,Zooveo,revolutionize viral web-readiness,0,0,36916
15059,Youspan,brand back-end paradigms,0,0,75859
8838,Leenti,architect virtual communities,1,1,20739
15564,Divavu,morph interactive portals,1,1,88985
9454,Twimbo,reinvent transparent platforms,1,0,68582
24398,Kazio,aggregate sticky convergence,1,0,12554
11858,Mita,engage compelling markets,1,0,49657
12712,Fliptune,expedite sticky partnerships,0,0,76364
86620,Jatri,implement mission-critical models,1,0,62013
63532,Minyx,drive cross-platform paradigms,0,0,23018
80448,Youfeed,empower collaborative vortals,1,1,13130
21097,Plambee,enhance dot-com communities,0,0,34818
56628,Vidoo,synthesize wireless bandwidth,1,0,63304
12848,Mynte,enable next-generation web-readiness,0,0,73141
38011,Skilith,architect value-added bandwidth,1,0,15535
10253,Innotype,integrate transparent deliverables,0,0,78471
52296,Linklinks,iterate enterprise paradigms,1,1,28177
25518,Zoomzone,envisioneer proactive e-tailers,0,1,83
34948,Feedmix,seize clicks-and-mortar e-services,0,1,16275
19499,Skyba,utilize mission-critical e-commerce,1,0,59966
42752,Youbridge,iterate holistic systems,1,0,11138
2926,Rooxo,brand sexy bandwidth,0,1,15555
31881,Meejo,integrate sticky paradigms,1,1,5429
74559,Eazzy,transition innovative schemas,0,0,79827
58597,Brainlounge,incentivize innovative initiatives,0,0,892
37084,Centizu,disintermediate B2B deliverables,1,0,40972
43685,Thoughtbridge,recontextualize intuitive applications,0,1,90265
31395,Twinder,aggregate killer niches,1,1,24163
15386,Zoomcast,iterate front-end schemas,1,0,60873
67352,Blogspan,enhance innovative convergence,0,0,78831
51555,Trudoo,utilize frictionless markets,1,1,83316
60976,Quimm,e-enable vertical portals,1,1,95576
63131,Browsezoom,maximize bleeding-edge markets,1,1,89472
84137,Demivee,engage plug-and-play applications,0,1,58649
50018,Youspan,enhance collaborative functionalities,1,1,60739
80451,Twimm,grow real-time platforms,1,0,91014
85941,Agivu,scale revolutionary communities,0,1,13054
7270,Tanoodle,cultivate global bandwidth,1,0,31181
91062,Skynoodle,revolutionize granular relationships,0,0,30452
59586,Feedmix,evolve real-time metrics,1,0,85247
77493,Brightbean,reinvent strategic e-tailers,0,1,16951
93809,Bubblemix,seize scalable users,0,1,91774
56030,Leenti,reintermediate frictionless metrics,1,1,49224
92334,Brainverse,engage B2C platforms,1,0,40697
18449,Twitterwire,syndicate turn-key markets,1,1,27772
18540,Centimia,leverage mission-critical portals,0,0,26069
17941,Kanoodle,enhance distributed e-business,0,0,89859
11106,Dynava,architect ubiquitous systems,1,1,94843
15612,Quinu,matrix cross-media interfaces,0,0,78409
38229,Plambee,revolutionize global convergence,1,0,75604
43449,Yodoo,monetize magnetic vortals,1,0,83869
83136,Voolia,deploy global e-markets,0,1,57397
16242,DabZ,transition plug-and-play architectures,0,1,36728
94392,Fanoodle,orchestrate efficient e-services,1,1,39685
2316,Camido,synthesize open-source web services,0,0,51637
51622,Feednation,target synergistic channels,0,1,44490
94319,Twitterbeat,iterate magnetic solutions,0,0,74787
44175,Zoonoodle,engineer global applications,1,0,75724
62975,Wikizz,implement efficient solutions,0,1,40096
11737,Jaxspan,optimize best-of-breed niches,1,1,36535
5857,Kwimbee,utilize compelling infomediaries,1,0,39714
52296,Mudo,whiteboard back-end action-items,0,1,47009
95950,Tagfeed,architect intuitive web services,1,0,77170
3616,Avavee,drive innovative convergence,0,0,12172
50799,Meemm,aggregate bleeding-edge eyeballs,1,1,76237
35622,Photolist,repurpose granular markets,1,0,1285
87310,Buzzdog,embrace seamless synergies,1,1,86232
40943,Dynazzy,harness clicks-and-mortar infomediaries,1,0,72505
6466,Topiczoom,transform granular action-items,1,1,91279
11203,Rhycero,reinvent next-generation models,1,0,58690
86510,Livetube,evolve front-end portals,0,1,11086
85604,Trupe,envisioneer global experiences,0,1,70675
79392,Nlounge,synergize frictionless supply-chains,0,1,81435
25759,Oyonder,evolve leading-edge markets,1,0,93638
78792,Eadel,morph efficient niches,0,1,19097
93908,Eare,engage bleeding-edge systems,1,1,36304
84262,Yodoo,optimize synergistic experiences,0,1,29156
20462,Vimbo,reintermediate viral deliverables,1,0,85833
21969,Voomm,disintermediate value-added initiatives,0,1,50228
23520,Skyndu,extend customized niches,0,0,82022
39537,Trilith,maximize enterprise e-commerce,0,0,93868
35336,Zoombox,redefine innovative e-business,1,0,23411
4842,Kare,orchestrate proactive functionalities,0,1,79885
49106,Zoozzy,transition seamless interfaces,1,0,88873
95612,Ooba,orchestrate impactful markets,0,0,44604
42298,Twitterworks,brand next-generation action-items,0,0,38503
61161,Browsedrive,benchmark value-added e-commerce,1,1,19936
93249,Bluezoom,embrace visionary systems,1,1,79002
86313,Yodoo,innovate bleeding-edge technologies,1,0,52274
67475,Topicblab,implement seamless convergence,0,0,28917
51824,Voonyx,orchestrate strategic markets,0,1,85211
12105,Flipstorm,target distributed models,0,1,88481
47663,Youopia,productize innovative e-commerce,1,1,92099
52087,Vidoo,grow proactive e-services,1,0,76274
94629,Demizz,synergize scalable communities,0,1,88126
22885,Feednation,utilize world-class action-items,1,1,14074
28809,Vimbo,monetize viral channels,0,1,71118
90812,Talane,aggregate back-end communities,1,0,54037
55380,Devpulse,cultivate open-source content,1,1,30851
15661,Thoughtstorm,orchestrate innovative partnerships,1,0,773
65184,Photobug,integrate cross-media platforms,0,0,4935
18549,Yodel,deploy end-to-end models,0,0,68688
14436,Bubblemix,generate web-enabled methodologies,1,1,83360
86225,Feedbug,enhance innovative niches,0,1,16117
27548,Yakidoo,harness efficient interfaces,1,0,39400
68021,Wikido,seize impactful solutions,1,1,95058
48197,Skibox,e-enable open-source platforms,0,0,66284
37654,Flipbug,redefine revolutionary applications,1,0,81048
31767,Meeveo,architect real-time bandwidth,1,0,73868
73427,Yabox,scale dot-com relationships,0,0,61070
66426,Yozio,deliver customized experiences,1,0,80353
22085,Mydo,engineer revolutionary users,1,0,85874
17449,Brainlounge,integrate clicks-and-mortar web services,1,1,34551
34696,Avamm,engineer robust synergies,0,0,67420
39086,Twitterbridge,redefine efficient methodologies,1,0,9028
55823,Feedfire,strategize frictionless communities,1,0,77384
21785,Topiclounge,streamline e-business bandwidth,0,1,56929
30299,Blognation,generate cutting-edge architectures,1,0,87950
33589,Plambee,harness leading-edge metrics,0,1,39821
13927,Gigabox,facilitate cross-media applications,1,1,18809
9670,Bubblemix,innovate magnetic functionalities,0,1,11364
22770,Innojam,redefine cutting-edge systems,1,0,53583
54424,Flashdog,engage rich mindshare,1,1,84707
15998,Brainverse,engage seamless e-services,0,1,73663
8092,Quamba,whiteboard cross-media applications,1,1,53473
18751,Zoombeat,productize wireless vortals,0,0,42903
13255,Eimbee,synergize integrated models,0,0,2214
90326,Lazzy,streamline B2C e-business,1,0,20940
49014,Twiyo,envisioneer dynamic systems,1,0,81124
19920,Jayo,strategize collaborative niches,1,0,51769
26713,Skimia,syndicate rich convergence,0,0,20795
10725,Cogidoo,scale front-end e-tailers,1,1,71792
52392,Ainyx,e-enable B2C e-business,1,0,85341
80445,Youspan,monetize cutting-edge architectures,1,0,75463
75701,DabZ,reinvent cross-platform e-services,0,0,44132
79902,Thoughtbeat,transition visionary bandwidth,1,0,10877
11224,Babbleopia,reintermediate granular applications,1,0,24883
57018,Voomm,whiteboard extensible deliverables,1,0,85252
91723,Rhybox,strategize synergistic web services,1,1,52122
63842,Tagopia,visualize interactive applications,1,0,6220
10912,Twinder,target robust web services,0,0,83042
38705,Shufflester,integrate bricks-and-clicks solutions,1,0,18788
93584,Divape,generate next-generation relationships,0,1,42757
64780,Edgeify,redefine plug-and-play e-business,1,1,77619
89070,Edgeify,iterate wireless models,1,1,30900
94776,Zoomzone,revolutionize cross-platform relationships,1,0,88482
12969,Flashspan,disintermediate interactive e-tailers,1,0,66455
65160,Skimia,optimize leading-edge bandwidth,1,1,31523
45204,Photospace,mesh synergistic convergence,1,1,12835
71732,Mycat,productize bricks-and-clicks architectures,1,0,22640
8185,Blogpad,harness 24/365 initiatives,0,0,29582
88340,Edgetag,engineer granular deliverables,1,0,52659
64320,Dynabox,embrace wireless methodologies,0,0,10612
82899,Dynabox,reintermediate ubiquitous users,1,0,15119
24449,Eazzy,engage value-added infrastructures,1,0,62574
28071,Demivee,envisioneer bleeding-edge platforms,0,0,22851
33872,Devpoint,empower bleeding-edge mindshare,1,0,90159
59049,Gabvine,exploit mission-critical niches,1,0,43260
13802,Wikido,drive strategic vortals,1,1,16877
1155,Feedmix,orchestrate granular architectures,0,1,66992
37425,Fivechat,exploit e-business methodologies,0,0,2676
90566,Lajo,engage B2C web-readiness,0,0,78953
50913,Oba,synergize plug-and-play models,0,1,73529
23357,Yabox,morph distributed users,1,1,6114
75798,Dablist,target next-generation experiences,1,0,78500
87766,Pixoboo,target B2C action-items,1,0,87905
59160,Brainverse,generate 24/365 networks,0,0,5479
47505,Layo,reintermediate integrated systems,0,1,93567
67821,Youspan,strategize bricks-and-clicks channels,0,0,36861
92923,Oba,morph efficient initiatives,0,0,73722
34951,Jayo,aggregate B2C web services,1,1,43615
5554,Skivee,harness innovative metrics,1,0,58261
6468,Pixonyx,matrix magnetic models,1,0,86199
78264,Gigaclub,synthesize user-centric content,1,0,6308
38459,Kwinu,grow 24/7 synergies,0,0,26157
49626,Linklinks,transform real-time synergies,1,0,12311
28180,Layo,integrate proactive e-tailers,0,0,14621
22715,Yambee,incubate clicks-and-mortar relationships,1,1,85861
7916,Jabbersphere,iterate distributed supply-chains,0,0,24956
128,Eayo,deliver B2C initiatives,0,1,40856
33658,Mita,matrix efficient vortals,1,1,7737
92212,Twinder,benchmark bricks-and-clicks models,1,1,25303
45067,Meejo,extend proactive infomediaries,1,0,59980
45214,Myworks,innovate value-added experiences,0,0,44246
86291,Twitterlist,seize vertical users,1,1,3418
83111,Livepath,extend frictionless infomediaries,1,1,58353
25136,Zazio,exploit frictionless markets,0,1,47935
21085,Tagopia,optimize innovative e-tailers,0,0,51188
92055,Yambee,engage one-to-one infomediaries,1,1,81002
44871,Rhycero,target sticky convergence,0,0,80295
41538,Skiptube,drive killer systems,0,1,93868
21123,Realcube,aggregate ubiquitous metrics,0,0,2516
55997,Feedfish,mesh plug-and-play action-items,0,0,14257
66213,Dabtype,engage real-time infomediaries,1,1,24898
35347,Realpoint,e-enable rich relationships,1,0,54802
9079,Gabspot,whiteboard distributed infomediaries,0,1,7295
15110,Edgetag,brand virtual paradigms,1,0,16512
90475,Oozz,productize one-to-one mindshare,1,1,45074
60662,Gabspot,drive vertical infomediaries,1,0,7363
77955,Layo,facilitate out-of-the-box platforms,0,0,88984
45348,Skyba,engineer enterprise platforms,1,0,9031
11546,Cogilith,aggregate bleeding-edge markets,0,1,42606
7491,Youfeed,disintermediate world-class e-business,0,1,49703
61423,Jetwire,streamline one-to-one partnerships,1,1,35217
77067,Twitterbeat,leverage open-source architectures,1,0,62303
65144,Mynte,mesh value-added markets,0,0,53612
52923,Jatri,visualize vertical synergies,0,1,70455
1159,Zoonder,incentivize real-time eyeballs,0,0,70489
65552,Agivu,maximize integrated synergies,1,0,28607
25867,Devcast,synthesize one-to-one platforms,0,1,53554
68435,Quimba,reintermediate enterprise portals,0,0,67145
39631,Skinte,evolve cutting-edge e-commerce,1,1,57032
84870,Livetube,whiteboard 24/7 schemas,0,1,56791
42434,Flashset,generate viral initiatives,0,0,23432
4587,Bluezoom,mesh back-end content,0,0,25953
56360,Feedfire,aggregate one-to-one e-tailers,0,1,49347
41762,Thoughtbridge,streamline sexy content,0,0,46583
35227,Vinder,unleash interactive architectures,1,1,15688
88724,Demizz,enhance cross-media initiatives,1,0,98573
43919,Mita,matrix back-end paradigms,0,1,27675
35955,Voomm,maximize integrated communities,1,1,98665
57112,Chatterbridge,harness value-added metrics,1,1,87057
58325,Vinte,syndicate leading-edge markets,1,0,62810
211,Realcube,scale B2C networks,1,0,83174
7698,Jayo,syndicate cross-platform convergence,0,1,58213
88188,Meevee,orchestrate plug-and-play relationships,1,0,62860
17843,Voolith,integrate cross-platform portals,0,0,94554
2684,Tanoodle,expedite interactive markets,1,0,37475
40470,Topiclounge,engineer one-to-one functionalities,0,0,92161
20185,Tambee,harness magnetic paradigms,0,0,53123
50314,Zoomdog,morph ubiquitous solutions,0,0,98554
62981,Gabtune,reinvent robust relationships,0,1,61008
60300,Abata,iterate distributed technologies,0,0,60622
14662,Devcast,strategize rich metrics,0,1,33883
71330,Oyope,cultivate vertical bandwidth,1,1,28182
52997,Riffpedia,disintermediate revolutionary models,0,1,33990
76263,Lajo,reinvent web-enabled methodologies,1,1,41852
73105,Linktype,mesh best-of-breed web-readiness,1,0,8307
10184,Babblestorm,facilitate compelling networks,1,0,57999
56975,Livetube,e-enable innovative communities,0,0,909
66914,Ntag,optimize magnetic supply-chains,0,1,82854
62341,Bluezoom,transition innovative platforms,0,0,54276
71137,Mydeo,redefine cutting-edge models,0,1,41693
67468,Devify,streamline leading-edge technologies,1,0,23244
34651,Zoomlounge,scale turn-key synergies,1,0,85692
45385,Gabspot,engage world-class users,0,0,20486
59127,Youspan,deploy proactive synergies,1,0,36577
80661,Trilith,unleash vertical methodologies,0,0,12461
29697,Zooxo,architect global schemas,1,1,16765
69738,Dabvine,envisioneer web-enabled mindshare,1,1,93253
87407,Zoomlounge,streamline enterprise architectures,1,0,92854
56211,Kwideo,cultivate clicks-and-mortar communities,0,0,84322
4180,Mybuzz,envisioneer integrated solutions,1,1,17454
44624,Babbleset,deliver scalable infrastructures,1,1,50367
27039,Snaptags,expedite B2B eyeballs,0,0,22781
27204,Livefish,engage 24/365 deliverables,0,1,85582
51659,Podcat,transform ubiquitous relationships,0,0,52877
75666,Eamia,strategize visionary technologies,1,0,88579
1610,Bluezoom,expedite user-centric niches,0,1,5350
91786,Gabspot,incentivize customized e-markets,0,0,18061
86242,Geba,redefine best-of-breed web services,1,0,82603
53659,Fatz,incentivize cross-platform partnerships,0,1,61988
31018,Latz,optimize world-class users,1,1,53060
2895,Jabbercube,synthesize B2C infrastructures,0,1,69841
32062,Roombo,aggregate visionary experiences,1,0,54531
18513,Gabcube,unleash world-class ROI,1,0,20048
31925,Kayveo,transform rich networks,0,0,12998
71543,Realpoint,embrace extensible e-markets,0,1,37377
81110,Jabbertype,synthesize sticky partnerships,1,0,29845
94625,Zoombox,unleash synergistic applications,0,0,93891
94103,Eayo,harness cross-media paradigms,0,0,58664
81398,Gevee,enhance virtual experiences,0,0,46252
65909,Photofeed,utilize killer models,0,1,15069
62400,Youfeed,architect innovative initiatives,1,0,62057
1576,Rhybox,monetize revolutionary solutions,0,0,60320
59971,Feedfish,transform 24/7 users,0,1,954
40651,Myworks,implement value-added functionalities,1,1,82468
89667,Roomm,cultivate compelling methodologies,0,1,83546
36044,Voomm,generate sexy relationships,0,1,44221
63484,Vinte,facilitate value-added bandwidth,0,1,33618
90004,Edgewire,brand sticky applications,0,0,29837
3667,Oozz,innovate plug-and-play e-tailers,0,0,85436
19501,Meetz,orchestrate value-added e-markets,0,0,5315
12982,Yakidoo,leverage 24/365 applications,1,0,9077
88437,Photobean,architect cutting-edge e-business,1,1,50504
71008,Aivee,facilitate one-to-one solutions,1,1,82162
10028,Twinder,incentivize frictionless e-markets,1,0,16873
85534,Linkbridge,transform mission-critical users,0,1,27675
32682,Voonder,syndicate scalable initiatives,0,0,48307
22994,Yodoo,synthesize extensible action-items,0,1,56921
11577,Kare,scale best-of-breed e-commerce,0,0,51238
68185,Midel,incentivize cross-platform systems,1,1,3819
93872,Avamm,revolutionize interactive channels,0,0,91573
10133,Riffwire,expedite proactive vortals,1,0,3715
72495,Dabshots,exploit user-centric infomediaries,1,1,66665
51896,Jabberstorm,synthesize user-centric portals,0,0,12990
83120,Avavee,revolutionize intuitive functionalities,1,0,18944
69326,JumpXS,grow synergistic infomediaries,0,0,52109
40721,Oyoyo,engineer extensible e-tailers,0,0,24852
16301,Thoughtsphere,strategize vertical platforms,0,1,82497
3144,Buzzshare,iterate web-enabled partnerships,0,0,68176
83274,Oba,mesh sticky ROI,0,1,56627
29704,Thoughtbridge,repurpose B2B portals,0,0,70327
74307,Linktype,scale end-to-end metrics,1,1,68790
46789,Voonyx,architect granular e-markets,0,0,59384
65853,Viva,extend leading-edge applications,0,1,64744
684,Jabbercube,envisioneer collaborative supply-chains,1,1,49826
81289,Gabtype,aggregate B2B e-commerce,1,1,15170
94118,Realcube,evolve strategic platforms,1,0,62979
12196,Leenti,extend integrated niches,1,1,70974
58050,Pixoboo,reinvent value-added users,1,0,9138
92144,Plajo,benchmark bricks-and-clicks convergence,0,0,88163
10253,Edgetag,benchmark enterprise e-tailers,0,0,77200
23602,Meeveo,iterate end-to-end methodologies,1,1,9530
90583,Tambee,orchestrate front-end portals,0,1,41122
40700,Ntags,morph leading-edge relationships,0,0,83171
42615,Abatz,synthesize ubiquitous functionalities,0,0,22909
29594,Meedoo,synergize revolutionary partnerships,0,0,78082
25922,Browsedrive,monetize out-of-the-box web-readiness,1,1,91545
17808,Photofeed,embrace turn-key experiences,1,0,28067
83861,Zooxo,iterate integrated ROI,0,0,31733
59300,Cogilith,whiteboard mission-critical content,0,0,78987
40264,Ozu,transform value-added e-markets,1,1,90571
19989,Kaymbo,embrace value-added relationships,0,1,35393
52963,Mudo,repurpose global technologies,1,1,29505
83406,Gabvine,optimize leading-edge models,1,1,85311
52678,Photobug,mesh bleeding-edge web-readiness,1,0,33843
42721,Fivebridge,envisioneer sticky technologies,1,1,22558
88546,Gabtype,disintermediate strategic solutions,0,0,183
31722,Centidel,harness killer vortals,1,0,70671
18964,Feedmix,whiteboard next-generation metrics,0,0,51886
17270,Topicware,matrix out-of-the-box bandwidth,1,0,88521
51447,Oyondu,empower out-of-the-box action-items,0,0,69710
61265,Bluezoom,monetize end-to-end e-commerce,1,1,6662
28953,Kaymbo,iterate seamless technologies,0,0,40511
50308,Abatz,exploit user-centric convergence,1,1,65294
56209,Shufflebeat,facilitate integrated content,0,1,51730
46645,Brightdog,generate dot-com interfaces,0,1,2133
7316,Mita,disintermediate robust convergence,0,0,71289
38608,LiveZ,aggregate best-of-breed technologies,0,1,19313
48551,Flashpoint,disintermediate compelling functionalities,0,1,14468
65473,Dazzlesphere,empower back-end networks,0,1,4166
89256,Oyonder,strategize collaborative networks,0,1,5948
10335,Skiptube,synthesize holistic models,1,1,44912
71546,Quinu,target seamless ROI,1,1,77481
28294,Quimm,innovate extensible relationships,0,1,92479
13530,Jaxspan,revolutionize strategic ROI,1,1,34105
48763,Innojam,deploy viral paradigms,1,1,35521
91668,Zoomcast,e-enable interactive partnerships,1,0,57195
82043,Talane,matrix 24/7 channels,0,1,46310
74812,Browseblab,transform extensible methodologies,0,1,73810
71153,Jetwire,seize intuitive markets,0,0,60759
91420,Jazzy,empower rich relationships,0,1,96402
